nombre	apellido	cast	test	dot	dat
vic	sandoval	asd	ada	asd	assd
vic	sandoval	asd	ada	asd	assd
vic	sandoval	asd	ada	asd	assd
vic	sandoval	asd	ada	asd	assd
vic	sandoval	asd	ada	asd	assd
vic	sandoval	asd	ada	asd	assd
vic	sandoval	asd	ada	asd	assd
vic	sandoval	asd	ada	asd	assd
vic	sandoval	asd	ada	asd	assd
vic	sandoval	asd	ada	asd	assd
vic	sandoval	asd	ada	asd	assd
vic	sandoval	asd	ada	asd	assd
vic	sandoval	asd	ada	asd	assd
vic	sandoval	asd	ada	asd	assd
vic	sandoval	asd	ada	asd	assd
vic	sandoval	asd	ada	asd	assd
vic	sandoval	asd	ada	asd	assd
vic	sandoval	asd	ada	asd	assd
vic	sandoval	asd	ada	asd	assd